Bulan,Suhu,DPM Rata-rata,DPM Maksimum,DPM Minimum
 01 1999,24.17741935,30092.61419,40613.36,9725.4
 02 1999,23.97142857,33898.16893,40363.34,8823.81
 03 1999,24.28064516,32010.3429,40334.69,1194.58
 04 1999,24.13333333,36139.28767,39600,19013.41
 05 1999,23.59032258,38292.59323,39589.61,27711.09
 06 1999,23.19,39310.89833,39489.7,37124.4
 07 1999,22.53225806,39275.96839,39435.61,37822.19
 08 1999,22.37419355,39573.77,39600,39448.69
 09 1999,22.56333333,39995.89567,40932.21,39600
 10 1999,24.32258065,40136.16387,41820.11,29801.36
 11 1999,24.22333333,36326.362,41920.7,17644.82
 12 1999,24.3483871,32967.95097,41772.83,14200.03
 01 2000,23.94516129,29648.87097,41484.56,8289.86
 02 2000,23.95172414,30142.92034,40925.27,686.72
 03 2000,24.08387097,35318.87194,40038.94,20599.38
 04 2000,24.23333333,35814.815,39603.75,17417.37
 05 2000,24.14193548,38317.41903,39600,28800
 06 2000,23.17333333,38525.64467,39490.17,31795.2
 07 2000,22.44193548,39366.34548,39445.7,39332.82
 08 2000,22.59354839,39577.01871,39600,39458.8
 09 2000,23.33333333,39919.16533,40940.34,38588.18
 10 2000,24.60967742,37654.58774,41460.09,5636.37
 11 2000,24.64,35487.35833,41924.19,615.43
 12 2000,24.17419355,39101.71903,41827.57,23553.69
 01 2001,24.11290323,32076.9071,41617.5,3092.91
 02 2001,24.12142857,33610.04786,41350.23,5933.42
 03 2001,24.11290323,37763.2471,40416.04,26104.59
 04 2001,24.1,37431.329,39665.16,19680.31
 05 2001,23.96774194,39444.25129,39600,38925.2
 06 2001,23.26,37112.793,39488.3,9904.11
 07 2001,22.36774194,39365.38548,39440.02,39334.97
 08 2001,22.13870968,39575.66903,39600,39452.96
 09 2001,23.70333333,39975.193,40527.12,39600
 10 2001,24.70967742,39923.47065,41835.97,31802.61
 11 2001,24.84666667,36814.7,41922.62,16524.07
 12 2001,24.07419355,36352.76613,41652.81,5136.53
 01 2002,24.29677419,33030.05065,41720.65,754.01
 02 2002,24.05714286,32616.55071,41308.2,8017.14
 03 2002,24.4,36367.26161,41080.89,3507.74
 04 2002,24.21666667,36577.674,39672.18,2570.29
 05 2002,23.93870968,37850.68548,39600,11561.66
 06 2002,23.37333333,39437.74533,39488.04,39165.56
 07 2002,22.43225806,39355.19387,39437.7,39052.55
 08 2002,21.82903226,39575.04742,39600,39451.02
 09 2002,22.83333333,39870.578,40934.06,38285.22
 10 2002,23.18387097,41520.97548,41848.48,40645.27
 11 2002,25.35666667,39292.43067,41920.51,12466.43
 12 2002,24.89354839,36059.64774,42027.48,5157.53
 01 2003,24.51612903,32948.34097,41808.41,3532.07
 02 2003,24.43928571,30571.80857,40356.81,4277.94
 03 2003,24.28064516,37168.76419,40135.46,21546.84
 04 2003,24.76,39081.074,39661.47,28984.29
 05 2003,24.07096774,37887.32581,39600,12375.5
 06 2003,22.91666667,39356.914,39489.61,37187.35
 07 2003,22.13225806,39285.99226,39436.5,36946.82
 08 2003,22.46129032,39573.82516,39600,39449.46
 09 2003,23.28333333,39919.00033,40726.19,39600
 10 2003,24.74193548,40022.54839,41757.48,27214.34
 11 2003,25.07,37342.516,41922.39,21119.98
 12 2003,24.49677419,31226.46935,40248.49,3039.89
 01 2004,24.56774194,38473.72677,41478.27,24035.69
 02 2004,24.39655172,34923.52,41597.82,23225.2
 03 2004,24.44193548,31401.05581,39630.93,2309.87
 04 2004,24.58333333,39537.66867,39663.7,38123.17
 05 2004,24.85806452,38595.94935,39600,27535.9
 06 2004,22.91,38333.03033,39491.18,9376.92
 07 2004,22.85806452,39366.06,39446.07,39332.41
 08 2004,22.06774194,39561.60677,39600,39241.07
 09 2004,23.44666667,39968.677,40839.93,39600
 10 2004,23.90322581,41293.08161,41850.06,39600
 11 2004,25.24666667,38248.44733,41923.65,18165.58
 12 2004,24.59354839,31366.40742,41294.48,1250.66
 01 2005,24.4516129,37103.61871,41793.47,17091.94
 02 2005,24.64285714,38348.90107,41625.97,27566.31
 03 2005,24.62258065,35966.84,40449.83,18508.67
 04 2005,24.18,36153.252,39624.79,10721.26
 05 2005,23.98064516,39377.30968,39600,37301.81
 06 2005,24.04666667,39375.76933,39487.8,38434.67
 07 2005,23.22258065,39146.85323,39441.03,34942.92
 08 2005,23.18709677,39460.01645,39600,36482.48
 09 2005,24.01333333,39962.931,40730.18,39600
 10 2005,24.59354839,38894.12935,41823.47,23606.52
 11 2005,25.03333333,38644.66567,41921.8,5569.55
 12 2005,24.3483871,25777.8329,40763.07,0
 01 2006,24.15806452,31188.15548,41443.8,11387.64
 02 2006,24.35714286,36253.57,41581.22,15724.88
 03 2006,24.34516129,32986.42484,40612.95,3898.88
 04 2006,24.28,38305.471,39600,21586.53
 05 2006,23.9483871,36168.75774,39600,13763.51
 06 2006,23.01333333,39016.536,39488.87,31144.18
 07 2006,22.57096774,39337.74774,39437.36,38584.65
 08 2006,21.93548387,39575.07032,39600,39450.82
 09 2006,22.09333333,39988.07967,40934.5,39600
 10 2006,23.42580645,41433.20484,41849.43,40343.22
 11 2006,24.98333333,41866.551,41920.34,41351.83
 12 2006,25.29032258,36002.80548,41859.64,6755.73
 01 2007,24.66451613,39291.07548,41671.57,30220.1
 02 2007,24.375,35159.21071,41287.84,9599.05
 03 2007,24.52903226,33045.75258,40821.8,13819.29
 04 2007,24.46,35276.843,39600,6074.53
 05 2007,24.13225806,37647.10161,39600,19719.62
 06 2007,23.78333333,38275.14067,39489.66,23678.85
 07 2007,23.19032258,39326.91806,39435.8,38214.64
 08 2007,22.54516129,39573.65419,39600,39448.8
 09 2007,22.52,39796.98267,40816.09,36683.74
 10 2007,24.21290323,41171.52065,41844.73,38685.77
 11 2007,24.97,40561.63867,41922.65,29953.63
 12 2007,24.57096774,31158.61645,41772.11,2478.03
 01 2008,24.27741935,35475.4829,41634.05,11082.36
 02 2008,24.12758621,30933.36241,41157.43,6947.01
 03 2008,24.05806452,35547.18677,40136.07,20490.69
 04 2008,23.94666667,37846.53733,39607.65,20526.13
 05 2008,23.08709677,38565.18935,39596.22,19916.32
 06 2008,22.99333333,38944.51533,39491.29,32551.46
 07 2008,21.68709677,39364.72968,39444.61,39331.14
 08 2008,23.08387097,39576.94226,39600,39457.72
 09 2008,23.46333333,39886.81467,41041.6,38596.71
 10 2008,24.76451613,39884.18839,41840.48,24292.38
 11 2008,24.89666667,36485.03233,41925.21,23260.37
 12 2008,24.52580645,33920.15097,41747.08,7695.5
 01 2009,24.29032258,34662.78323,41614.89,427.32
 02 2009,24.03928571,33746.65714,41545.88,3793.03
 03 2009,24.28709677,37053.55387,40504.66,6518.58
 04 2009,24.54,38662.91933,39671.49,26307.05
 05 2009,24.49677419,36617.98161,39600,18471.73
 06 2009,23.48666667,38772.35667,39491.67,23328.58
 07 2009,22.46774194,39355.5829,39439.01,39092.17
 08 2009,23.00967742,39575.80935,39600,39452.38
 09 2009,23.73,39937.55633,40918.48,37991.37
 10 2009,24.80322581,41244.84355,41850.93,39646.96
 11 2009,25.39666667,38903.81967,41921.98,11133.11
 12 2009,25.38064516,37352.67355,41840.32,20233.48
 01 2010,24.5,33095.85742,40737.86,412.36
 02 2010,24.79285714,34980.57714,40360,11457.73
 03 2010,24.87419355,34666.55226,40121.16,14934.58
 04 2010,25.08333333,31157.03367,39600,9534.74
 05 2010,25.07096774,30860.64645,39600,65.71
 06 2010,24.20666667,35935.165,39487.66,12346.8
 07 2010,24.00645161,38163.26258,39437.78,19687.54
 08 2010,24.23548387,39512.09839,39600,38463.59
 09 2010,24.37333333,35826.66733,40525.33,11031
 10 2010,24.6516129,36244.60677,41837.71,485.52
 11 2010,24.55666667,35882.66867,41920.84,3748.71
 12 2010,24.32903226,27005.12194,41280.68,1382.17
 01 2011,24.06129032,30901.79,39643.5,895.21
 02 2011,24.18214286,34173.92357,41057.85,21058.4
 03 2011,24.23548387,35574.58871,39957.85,13643.17
 04 2011,24.28,35517.42,39600,14679.62
 05 2011,24.23225806,36219.04677,39590.84,1550.59
 06 2011,23.29,39263.12267,39490.01,34814.86
 07 2011,22.45806452,39323.80032,39435.96,38179.52
 08 2011,22.30322581,39573.49613,39600,39448.8
 09 2011,23.23333333,39904.145,40933.8,39600
 10 2011,24.53870968,40968.69258,41844.21,37804.26
 11 2011,24.91,36395.11967,41923.7,2221.56
 12 2011,24.89677419,34500.56484,41616.03,20957.15
 01 2012,24.25483871,24406.44323,41604.68,280.82
 02 2012,24.01724138,33332.58414,41554.71,4464.81
 03 2012,24.26129032,31006.72613,39866.94,3707.79
 04 2012,24.26333333,37300.40433,39624.38,14715
 05 2012,23.93548387,37291.72129,39600,5097.15
 06 2012,23.10666667,37463.64967,39491.49,14159.78
 07 2012,22.09032258,38256.45355,39444.69,12387.53
 08 2012,21.75483871,39577.06323,39600,39457.79
 09 2012,22.62,39839.945,40633.29,38616.86
 10 2012,24.60967742,41390.00226,41851.83,40236.46
 11 2012,25.55666667,39075.631,41924.45,21448.55
 12 2012,24.79032258,30095.49968,41761.75,5284.89
 01 2013,24.46774194,28463.12839,40854.24,60.75
 02 2013,24.53571429,33107.82714,41614.57,15729.03
 03 2013,24.47096774,35628.98161,40343.42,19140.91
 04 2013,24.67333333,33634.83267,39600,3705.52
 05 2013,24.62580645,35532.79774,39600,10184.15
 06 2013,24.22333333,29609.44833,39477.8,0
 07 2013,23.0516129,35281.47,39441.26,12.71
 08 2013,22.06129032,39376.72871,39600,33307.59
 09 2013,23.08,39932.146,40803.19,39600
 10 2013,24.62903226,41179.03258,41851.86,39813.91
 11 2013,24.81666667,35878.02567,41921.47,7123.71
 12 2013,24.35483871,26563.21613,41465.55,5119.53
 01 2014,23.97741935,30353.79323,40608.12,4929.71
 02 2014,24.13928571,36381.5125,41613.4,20120.76
 03 2014,24.3,37036.1229,41050.43,12926.26
 04 2014,24.61333333,37512.19867,39600,29543.08
 05 2014,24.78064516,38616.70129,39600,32290.09
 06 2014,24.59,39283.38033,39488.14,37351.96
 07 2014,23.92903226,39338.87742,39439.01,38594.69
 08 2014,23.10322581,39575.35839,39600,39452.41
 09 2014,22.10333333,40063.52267,40826.98,39600
 10 2014,23.80967742,41428.29,41849.68,40337.34
 11 2014,25.34666667,39678.15933,41921.26,5034.25
 12 2014,24.75806452,28205.64452,41610.27,2926.32
 01 2015,24.36774194,30663.52645,41503.47,6536.77
 02 2015,24.07142857,37251.51607,40826.38,12939.96
 03 2015,24.34516129,36763.21323,39950.38,23951.82
 04 2015,24.57666667,32583.348,39668.5,13222.55
 05 2015,23.44516129,37672.44323,39558.61,13761.93
 06 2015,23.22333333,39255.513,39490.37,34195.38
 07 2015,22.72258065,39279.13226,39437.08,38011.73
 08 2015,22.60967742,39548.41903,39600,38735.19
 09 2015,22.58,39920.57,40834.41,38642.06
 10 2015,23.57096774,41460.93355,41843.55,40106.64
 11 2015,25.54666667,41646.12467,41923,40096.6
 12 2015,25.18387097,33618.12613,41756.44,625.6
 01 2016,25.28709677,35145.24065,41856.42,283.41
 02 2016,24.85862069,28062.9,41500.57,0
 03 2016,25.41612903,35869.97903,40222.48,18523.03
 04 2016,25.26666667,35395.29233,39600,2956.19
 05 2016,25.49677419,37738.31677,39600,22156.88
 06 2016,24.54,37153.48733,39484.57,24224.07
 07 2016,24.15806452,37558.03548,39445.29,9724.39
 08 2016,23.96129032,39577.48774,39600,39458.5
 09 2016,24.77666667,38654.51233,40128.08,17015.97
 10 2016,24.74193548,34862.69258,41853.23,418.42
 11 2016,25.06333333,34423.994,41907.24,6944.29
 12 2016,24.80967742,30178.57548,40921.83,639.05
 01 2017,24.91935484,29040.35323,40961.52,5884.41
 02 2017,24.46071429,32324.04321,40919.42,8037.46
 03 2017,24.93225806,34587.47355,40851.04,20780.65
 04 2017,25.33666667,36287.77,39600,12207.51
 05 2017,25.14193548,37191.96742,39600,7373.87
 06 2017,24.97333333,36833.695,39483.74,30.73
 07 2017,24.22258065,37742.77,39440.65,4847.6
 08 2017,23.62903226,39530.40161,39600,38490.85
 09 2017,24.44,39220.752,40333.68,30270.49
 10 2017,25.62903226,39267.22548,41840.21,8771.48
 11 2017,25.59,26582.83167,41460.58,3083.61
 12 2017,25.0516129,30656.97839,41369.46,2773.33
 01 2018,24.87419355,28621.78516,39600,6828.36
 02 2018,24.39285714,31041.75,41206.98,3470.96
 03 2018,24.7,35581.96452,40441.09,14091.84
 04 2018,25.42,38818.98467,39666.97,31180.81
 05 2018,25.60645161,39078.83613,39600,36000
 06 2018,24.61333333,38635.61567,39488.32,18894.6
 07 2018,23.07419355,39087.93419,39439.17,30816.21
 08 2018,22.87096774,39575.36516,39600,39452.55
 09 2018,23.50333333,39393.74033,40535.59,34613.79
 10 2018,24.73870968,41132.84484,41850.64,39916.23
 11 2018,25.63666667,37556.706,41913.24,150.28
 12 2018,25.31290323,30882.36903,41001.25,3724.09
 01 2019,24.79677419,29553.64677,40429.62,440.64
 02 2019,24.91071429,34007.8175,41324.53,19758.01
 03 2019,24.75483871,29833.27419,40135.92,2093.34
 04 2019,25.31666667,35296.62667,39600,8602.23
 05 2019,25.00967742,39035.32484,39600,28861.19
 06 2019,23.81333333,39344.72633,39490.21,37435.39
 07 2019,22.8516129,38772.67484,39435.7,25165.13
 08 2019,23.14516129,39573.39226,39600,39448.44
 09 2019,23.39,39862.32133,40734.89,39600
 10 2019,24.07741935,41256.24323,41845.27,39914.05
 11 2019,25.48666667,41409.373,41925.66,36064.35
 12 2019,25.40967742,36138.29419,41740.17,20817.26
 01 2020,25.18709677,32237.59452,41087.97,1760.53
 02 2020,24.93103448,30890.30483,41626.95,11353.41
 03 2020,25.28387097,32981.36323,40344.39,1297.51
 04 2020,25.56,33157.20567,39600,8282.96
 05 2020,25.94516129,34847.77968,39600,9862.59
 06 2020,24.59333333,38176.96267,39487.73,14959.44
 07 2020,23.83870968,38990.50226,39443.23,32574.68
 08 2020,24.13548387,38710.85548,39600,23100.62
 09 2020,24.78666667,39840.768,40537.97,38462.21
 10 2020,25.21290323,36938.14387,41829.05,8759.39
 11 2020,25.56,34483.83633,41924.84,9479.92
 12 2020,24.59354839,26620.31645,41255.12,9501.35
 01 2021,24.58064516,24849.53226,38780.58,3907.67
 02 2021,24.30357143,30245.40786,41301.66,12458.56
 03 2021,24.63870968,35505.70226,40129.98,13791.19
 04 2021,24.72333333,36533.46267,39624.74,9597.54
 05 2021,25.57741935,38670.23774,39600,27839.95
 06 2021,25.27,37347.74333,39485.81,23555.74
 07 2021,23.9,38564.42516,39440.97,27519.59
 08 2021,24.31612903,39576.48258,39600,39454.64
 09 2021,24.70333333,37798.06367,40631.14,19030.47
 10 2021,24.82903226,39729.52323,41765.93,25200
 11 2021,24.78666667,26222.58,40067.26,8352.08
 12 2021,24.67741935,30044.91419,41231.07,9778.52
 01 2022,24.27419355,31885.33935,41588.44,17718.88
 02 2022,24.15357143,29594.46036,41194.21,1411.37
 03 2022,24.6516129,33850.01677,40217.32,21808.4
 04 2022,24.85666667,36001.107,39609.8,18599.73
 05 2022,25.39354839,33345.51194,39600,11203.4
 06 2022,24.55333333,37063.56733,39480.16,26212.64
 07 2022,24.36451613,38160.63032,39438.31,22386.63
 08 2022,24.26774194,39134.01677,39600,30387.34
 09 2022,24.42666667,38654.12733,40531.09,22284.2
 10 2022,24.41290323,33269.27613,41811.9,8002.03
 11 2022,24.48,28758.85167,41887.67,11043.63
 12 2022,24.33225806,29552.99903,41675.66,0
 01 2023,24.34193548,33083.85355,41414.38,17915.9
 02 2023,24.33571429,27483.65357,40834.11,7137.34
 03 2023,24.21290323,34498.39032,40629.89,10322.59
 04 2023,25,32831.20467,39600,8149.08
 05 2023,24.96451613,36736.41355,39600,12588.94
 06 2023,24.69666667,39414.79467,39488.16,38483.27
 07 2023,22.92903226,38119.90419,39435.15,5784.19
 08 2023,23.06451613,39573.28871,39600,39447.88
 09 2023,22.89,39916.97467,40535.21,39600
 10 2023,24.64516129,41357.92516,41844.29,40547.02
 11 2023,25.23666667,39938.59633,41925.51,22900.47
 12 2023,24.76129032,37260.97161,41573.47,16489.16
 01 2024,24.51935484,31881.84323,41562.51,12570.36
 02 2024,24.60689655,32914.68,41180.48,18666.12
 03 2024,24.68064516,31035.64903,40122.68,2014.63
 04 2024,25.45,33428.91667,39604.1,10163.17
 05 2024,25.06129032,39342.95677,39600,35976.7
 06 2024,24.55666667,39058.548,39486.56,30060.03
 07 2024,22.92258065,38516.42968,39443.21,24236.39
 08 2024,22.6,39378.62,39600,33441.17
 09 2024,24.08666667,39591.822,40638.69,36725.52
 10 2024,24.71612903,40865.36742,41843.16,35560.43
 11 2024,25.33,38330.08567,41922.84,20874.32
 12 2024,24.99677419,26489.2229,40840.82,7215.88
 01 2025,24.48709677,27182.62806,39600,555.89
 02 2025,24.46071429,35262.12,41519.75,12301.87
 03 2025,24.95483871,33148.25742,41275.54,18045.26
 04 2025,24.76333333,35864.139,39617.05,23049.29
 05 2025,25.3516129,33211.00806,39594.77,18897.02
 06 2025,25.09,36222.82367,39486.35,2810.59